<?xml version='1.0' encoding='iso-8859-1'?>
<!-- For detailed information of every property look into the Reference Card -->
<properties>

    <!-- general properties for running medusa: main files and classes which shall used -->
    <category name="general">
        <!-- TRACER general configurations -->
        <property name="FRAMEWORK_IMPL" value="eu.etrap.tracer.DefaultFrameWorkImpl" />
        <property name="PREPROCESSING_IMPL" value="eu.etrap.tracer.preprocessing.WordLevelPreprocessingImpl" />
        <property name="TRAINING_IMPL" value="eu.etrap.tracer.featuring.semantic.WordBasedTrainingImpl"/>
        <!--property name="TRAINING_IMPL" value="eu.etrap.tracer.featuring.syntactic.shingle.TriGramShinglingTrainingImpl"/-->
        <property name="SELECTION_IMPL" value="eu.etrap.tracer.selection.localglobal.LocalMaxFeatureFrequencySelectorImpl"/>
        <property name="LINKING_IMPL" value="eu.etrap.tracer.linking.InterCorpusLinkingImpl"/>
        <property name="SCORING_IMPL" value="eu.etrap.tracer.scoring.feature.selected.asymmetric.SelectedFeatureContainmentSimilarityImpl"/>
        <property name="POSTPROCESSING_IMPL" value="eu.etrap.tracer.postprocessing.traviz.TraVizPostprocessingImpl"/>
        
        <property name="SENTENCE_FILE_NAME" value="data/corpora/Aquinas/tagged.txt" />
        <property name="BASEFORM_FILE_NAME" value="data/corpora/Aquinas/tagged.lemma" />
        <property name="SYNONYMS_FILE_NAME" value="data/corpora/Aquinas/lwn.syno" />
        
        <property name="TOKENISATION_CHARACTERS_FILE_NAME" value="data/wordlists/100-wn-all.txt" />
        <property name="LETTER_SHAVER_MAPPING_FILE_NAME" value="data/letter-mappings/arabic.txt" />
        
        
        
        
        <!-- MEDUSA general configurations -->
        <property name="MWU_FILE_NAME" value="data/corpora/example/mwu-example.mwus"/>
        <property name="MWU_MAP_FILE_NAME" value="data/corpora/example/mwu-example.txt.mwus.map" />
        <property name="KNOWN_WORD_NUMBERS_FILE_NAME" value="data/wordlists/100-wn-all.txt" />
        
        <property name="HARD_DISC_BLOCK" value="1048576" />
        
        <!-- only used when CONTROL_FLOW_IMPL=eu.etrap.medusa.controlflow.DefaultControlFlowImpl -->
        <property name="PARSER_FILTER_IMPL" value="eu.etrap.medusa.filter.sidx.IDXCooccurrenceInvertedListFilterImpl" />
        <property name="SIGNIFICANCE_IMPL" value="eu.etrap.medusa.significance.LogLikelihood2SignificanceImpl" />
        <property name="CUTOFF_SIGNIFICANCE_IMPL" value="eu.etrap.medusa.significance.FrequencySignificanceImpl" />
        

        <!-- set DefaultControlFlowImpl for running dedicated filter -->
        <property name="CONTROL_FLOW_IMPL" value="eu.etrap.medusa.controlflow.eAQUAControlFlowImpl" />
        <property name="PARSER_IMPL" value="eu.etrap.medusa.sourcereader.IDXReaderImpl" />
        <property name="EXPORTER_IMPL" value="eu.etrap.medusa.export.CooccurrenceInvertedListFlatFileExporterImpl" />
        <property name="STORE_IMPL" value="eu.etrap.medusa.store.DefaultStoreImpl" />
        <property name="HASH_FUNCTION_IMPL" value="eu.etrap.medusa.hash.function.VeryFastCRC32HashFunctionImpl" />
        <property name="FORMAT_IMPL" value="eu.etrap.medusa.format.DefaultFormatImpl" />
        <property name="TOKENIZER_IMPL" value="eu.etrap.medusa.input.NonLetterRemoverWordTokenizerImpl"/>
        <property name="MEMORY_ALLOCATOR_IMPL" value="eu.etrap.medusa.config.CooccurrenceInvertedListMemoryAllocatorImpl"/>
        <property name="DEBUG" value="TRUE" />
        
        <!-- default values - should not be changed -->
        <property name="DEFAULT_STRING" value="" />
        <property name="DEFAULT_INT" value="0" />
        <property name="DEFAULT_BOOLEAN" value="false" />
        <property name="BLOCKS" value="65536" />
        <property name="BLOCK_SIZE" value="1024" />
        <property name="enableArrayCache" value="true" />
        <property name="enableRAMHashCache" value="true" />
    </category>


    <!-- TRACER config section -->
    <category name="eu.etrap.tracer.requirements.DefaultRequirementsControlFlowImpl">
        <property name="dblStringSimThreshold" value="0.8" />
        <property name="intMinWordLength" value="5" />
    </category>

    <!-- TRACER PRE-PROCESSING SECTION -->
    <category name="eu.etrap.tracer.preprocessing.LetterLevelPreprocessingImpl">
        <property name="boolReplaceWhitespaces" value="false" />
        <property name="intNGramSize" value="5" />
        <property name="boolRemoveDiachritics" value="false" />
        <property name="boolMakeAllLowerCase" value="false" />
    </category>

    <category name="eu.etrap.tracer.preprocessing.WordLevelPreprocessingImpl">
        <property name="boolLemmatisation" value="true" />
        <property name="boolReplaceSynonyms" value="true" />
        <property name="boolReplaceStringSimilarWords" value="false" />
        <property name="boolRemoveDiachritics" value="false" />
        <property name="boolMakeAllLowerCase" value="true" />
        <property name="boolReplaceWordByWordLength" value="false" />
        
        <property name="boolReplaceByReducedString" value="false" />
        <property name="intMinWordLengthThreshold" value="5" />
        <property name="intNGramSize" value="5" />
        <property name="weigthByLogLikelihoodRatio" value="true"/>;
    </category>

    <category name="eu.etrap.tracer.preprocessing.external.lemmatisation.TreeTaggerLemmatiserImpl">
        <property name="strDataDirectory" value="data/corpora/Aquinas/tagged" />
        <property name="strFileSuffix" value="tagged" />
        <property name="strTagSetMappingFile" value="data/pos-mappings/lat-treetagger-mapping.csv" />
        <property name="intScaleFactor" value="1000000" />
        <property name="boolRemoveNonLetters" value="true" />
    </category>
    
    <category name="eu.etrap.tracer.preprocessing.external.lemmatisation.StanfordNLPLemmatiserImpl">
        <property name="strDataDirectory" value="data/corpora/jane-austen/tagged-texts" />
        <property name="strFileSuffix" value="conll" />
        <property name="strTagSetMappingFile" value="data/pos-mappings/eng-stanfordnlp-mapping.csv" />
        <property name="intScaleFactor" value="1000000" />
        <property name="boolRemoveNonLetters" value="true" />
    </category>
    
    <!-- TRACER SELECTION SECTION -->
    <category name="eu.etrap.tracer.selection.globalglobal.GlobalMaxFeatureFrequencySelectorImpl">
        <property name="dblFeatureDensity" value="0.7" />
    </category>

    <category name="eu.etrap.tracer.selection.globalglobal.GlobalMinFeatureFrequencySelectorImpl">
        <property name="dblFeatureDensity" value="0.6" />
    </category>

    <category name="eu.etrap.tracer.selection.globalglobal.Global0ModPSelectorImpl">
        <property name="dblFeatureDensity" value="0.3" />
    </category>

    <category name="eu.etrap.tracer.selection.globalglobal.GlobalRandomFeatureSelectorFilterImpl">
        <property name="dblFeatureDensity" value="0.45" />
    </category>

    <category name="eu.etrap.tracer.selection.globalglobal.GlobalEntropySelectorImpl">
        <property name="dblFeatureDensity" value="0.55" />
    </category>

    <category name="eu.etrap.tracer.selection.globalglobal.GlobalSelfInformationSelectorImpl">
        <property name="dblFeatureDensity" value="0.55" />
    </category>

    <category name="eu.etrap.tracer.selection.globalglobal.GlobalInvertedFeatureOccurrenceSelectorImpl">
        <property name="dblFeatureDensity" value="0.55" />
    </category>

    <category name="eu.etrap.tracer.selection.globalglobal.GlobalFrequencyClassSelectorImpl">
        <property name="dblFeatureDensity" value="0.65" />
    </category>

    <category name="eu.etrap.tracer.selection.globallocal.GlobalWordClassSelectorImpl">
        <property name="dblFeatureDensity" value="0.65" />
        <property name="strWordClassFileName" value="data/corpora/example/Lems/TLG.lem.pos.txt.tagged" />
    </category>

    <category name="eu.etrap.tracer.selection.globallocal.GlobalBibleWordClassSelectorImpl">
        <property name="dblFeatureDensity" value="1.0" />
        <property name="strWordClassFileName" value="data/corpora/example/Lems/TLG.lem.pos.txt.tagged" />
    </category>

    <category name="eu.etrap.tracer.selection.globallocal.GlobalInvertedCategorySelectorImpl">
        <property name="dblFeatureDensity" value="0.65" />
        <property name="strCategoryFileName" value="/home/mbuechler/PHD/results/LitClass/TLG.LitClass.txt.cleaned" />
        <property name="dblMinimumFraction" value="0.002" />
    </category>

    <category name="eu.etrap.tracer.selection.globallocal.GlobalFeatureFrequencyMultpliedByInvertedCategorySelectorImpl">
        <property name="dblFeatureDensity" value="0.65" />
        <property name="strCategoryFileName" value="/home/mbuechler/PHD/results/LitClass/TLG.LitClass.txt.cleaned" />
        <property name="dblMinimumFraction" value="0.002" />
    </category>

    <category name="eu.etrap.tracer.selection.globalglobal.GlobalKullbackLeiblerDivergenceSelectorImpl">
        <property name="dblFeatureDensity" value="0.65" />
    </category>

    <category name="eu.etrap.tracer.selection.globalglobal.GlobalLogLikelihoodRatioSelectorImpl">
        <property name="dblFeatureDensity" value="0.65" />
    </category>

    <category name="eu.etrap.tracer.selection.globalglobal.GlobalRedundancySelectorImpl">
        <property name="dblFeatureDensity" value="0.65" />
    </category>

    <category name="eu.etrap.tracer.selection.globalglobal.GlobalWordLengthSelectorImpl">
        <property name="dblFeatureDensity" value="0.65" />
    </category>



    <category name="eu.etrap.tracer.selection.locallocal.LocalOModPSelectorImpl">
        <property name="dblFeatureDensity" value="0.65" />
    </category>

    <category name="eu.etrap.tracer.selection.locallocal.LocalRandomFeatureSelectorFilterImpl">
        <property name="dblFeatureDensity" value="0.65" />
    </category>
    
    <category name="eu.etrap.tracer.selection.locallocal.LocalWinnowingSelectorImpl">
        <property name="dblFeatureDensity" value="0.1" />
    </category>



    <category name="eu.etrap.tracer.selection.localglobal.LocalRedundancySelectorImpl">
        <property name="dblFeatureDensity" value="0.6" />
    </category>

    <category name="eu.etrap.tracer.selection.localglobal.LocalSelfInformationSelectorImpl">
        <property name="dblFeatureDensity" value="0.6" />
    </category>

    <category name="eu.etrap.tracer.selection.localglobal.LocalEntropySelectorImpl">
        <property name="dblFeatureDensity" value="0.6" />
    </category>

    <category name="eu.etrap.tracer.selection.localglobal.LocalFrequencyClassSelectorImpl">
        <property name="dblFeatureDensity" value="0.6" />
    </category>

    <category name="eu.etrap.tracer.selection.localglobal.LocalInvertedFeatureFrequencySelectorImpl">
        <property name="dblFeatureDensity" value="0.6" />
    </category>

    <category name="eu.etrap.tracer.selection.localglobal.LocalKullbackLeiblerDivergenceSelectorImpl">
        <property name="dblFeatureDensity" value="0.6" />
    </category>

    <category name="eu.etrap.tracer.selection.localglobal.LocalMaxFeatureFrequencySelectorImpl">
        <property name="dblFeatureDensity" value="0.8" />
    </category>

    <category name="eu.etrap.tracer.selection.localglobal.LocalMinFeatureFrequencySelectorImpl">
        <property name="dblFeatureDensity" value="0.6" />
    </category>

    <category name="eu.etrap.tracer.selection.localglobal.LocalWordLengthSelectorImpl">
        <property name="dblFeatureDensity" value="0.6" />
    </category>

    <category name="eu.etrap.tracer.selection.localglobal.LocalLogLikelihoodRatioSelectorImpl">
        <property name="dblFeatureDensity" value="0.6" />
    </category>



    <category name="eu.etrap.tracer.selection.globalglobal.graph.GlobalWordGraphDependenciesSelectionImpl">
        <property name="dblFeatureDensity" value="0.6" />
    </category>

    <category name="eu.etrap.tracer.selection.globalglobal.graph.GlobalContrastiveFeatureRelationSelectionImpl">
        <property name="dblFeatureDensity" value="0.6" />
    </category>

    <category name="eu.etrap.tracer.selection.globalglobal.graph.GlobalWeightedContrastiveFeatureRelationSelectionImpl">
        <property name="dblFeatureDensity" value="0.6" />
    </category>

    <category name="eu.etrap.tracer.selection.globalglobal.graph.GlobalWeightedWordGraphDependenciesSelectionImpl">
        <property name="dblFeatureDensity" value="0.6" />
    </category>

    
    <category name="eu.etrap.tracer.selection.localglobal.graph.LocalWordGraphDependenciesSelectionImpl">
        <property name="dblFeatureDensity" value="0.6" />
    </category>

    <category name="eu.etrap.tracer.selection.localglobal.graph.LocalContrastiveFeatureRelationSelectionImpl">
        <property name="dblFeatureDensity" value="0.6" />
    </category>

    <category name="eu.etrap.tracer.selection.localglobal.graph.LocalWeightedContrastiveFeatureRelationSelectionImpl">
        <property name="dblFeatureDensity" value="0.6" />
    </category>

    <category name="eu.etrap.tracer.selection.localglobal.graph.LocalWeightedWordGraphDependenciesSelectionImpl">
        <property name="dblFeatureDensity" value="0.6" />
    </category>



    <!-- TRACER LINKING SECTION -->
    <category name="eu.etrap.tracer.linking.IntraCorpusLinkingImpl">
        <property name="strRUID2FeatureImplementation" value="eu.etrap.tracer.linking.connector.ram.RUID2FeatureRAMConnectorImpl" />
        <property name="strFeature2RUIDImplementation" value="eu.etrap.tracer.linking.connector.ram.Feature2RUIDRAMConnectorImpl" />
        <property name="intMinOverlap" value="2" />
    </category>

    <category name="eu.etrap.tracer.linking.InterCorpusLinkingImpl">
        <property name="strRUID2FeatureImplementation" value="eu.etrap.tracer.linking.connector.ram.RUID2FeatureRAMConnectorImpl" />
        <property name="strFeature2RUIDImplementation" value="eu.etrap.tracer.linking.connector.ram.Feature2RUIDRAMConnectorImpl" />
        <property name="intWorkNumbering" value="1000000" />
        <property name="intMinOverlap" value="5" />
    </category>

    <!-- TRACER (CONNECTOR) LINKING SECTION -->
    <!-- The JDBC CONNECTORS -->
    <category name="eu.etrap.tracer.linking.connector.jdbc.RUID2FeatureJDBCConnectorImpl">
        <property name="strDBUserName" value="root" />
        <property name="strDBPassword" value="Lu7eve9n" />
        <property name="strDBConnectionURL" value="jdbc:mysql://localhost:3306/TestDBM2" />
    </category>

    <category name="eu.etrap.tracer.linking.connector.jdbc.Feature2RUIDJDBCConnectorImpl">
        <property name="strDBUserName" value="root" />
        <property name="strDBPassword" value="Lu7eve9n" />
        <property name="strDBConnectionURL" value="jdbc:mysql://localhost:3306/TestDBM2" />
    </category>
    

    <!-- TRACER SCORING SECTION -->
    <category name="eu.etrap.tracer.scoring.word.full.symmetric.FullWordWeightedResemblanceSimilarityImpl">
        <property name="dblScoringThreshold" value="6.0" />
    </category>

    <category name="eu.etrap.tracer.scoring.feature.selected.symmetric.SelectedFeatureWordClass2WeightedOverlapImpl">
        <property name="dblScoringThreshold" value="20001.0" />
    </category>

    <category name="eu.etrap.tracer.scoring.feature.selected.symmetric.SelectedFeatureResemblanceSimilarityImpl">
        <property name="dblScoringThreshold" value="0.5" />
    </category>

    <category name="eu.etrap.tracer.scoring.feature.selected.asymmetric.SelectedFeatureContainmentSimilarityImpl">
        <property name="dblScoringThreshold" value="0.5" />
    </category>





    <!-- ControlFlow section-->
    <!-- Interface   : eu.etrap.medusa.controlflow.ControlFlow -->
    <!-- Description : a control flow is batch-based stack of different nlp elements
    which shall execetuted sequentially -->
    
    <!-- Standard controlflow which can enable/disable different "tables" from 
    the Wortschatz default db schema. -->
    <category name="eu.etrap.medusa.controlflow.StandardASVControlFlowImpl">
        <property name="boolEnableMWUAutoDetection" value="false" />
        <property name="boolEnableSentenceCooccurrences" value="false" />
        <property name="boolEnableNeighbourhoodCooccurrences" value="true" />
        <property name="boolEnableLeftSentenceCooccurrences" value="false" />
        <property name="boolEnableRightSentenceCooccurrences" value="false" />
        <property name="boolEnableInvertedList" value="false" />
        <property name="boolEnableInvertedSourceList" value="false" />
    </category>
    <category name="eu.etrap.medusa.controlflow.ExtendedASVControlFlowImpl">
        <property name="boolEnableMWUAutoDetection" value="true" />
        <property name="boolEnableSentenceCooccurrences" value="true" />
        <property name="boolEnableNeighbourhoodCooccurrences" value="true" />
        <property name="boolEnableLeftSentenceCooccurrences" value="true" />
        <property name="boolEnableRightSentenceCooccurrences" value="true" />
        <property name="boolEnableInvertedList" value="true" />
        <property name="boolEnablePositionalInvertedFile" value="true" />
        <property name="boolEnableCoocInvertedFile" value="true" />
        <property name="boolEnableInvertedSourceList" value="true" />
    </category>
    
    <category name="eu.etrap.medusa.controlflow.eAQUAControlFlowImpl">
        <property name="boolEnableMWUAutoDetection" value="false" />
        <property name="boolEnableSentenceCooccurrences" value="true" />
        <property name="boolEnableNeighbourhoodCooccurrences" value="false" />
        <property name="boolEnableLeftSentenceCooccurrences" value="false" />
        <property name="boolEnableRightSentenceCooccurrences" value="false" />
        <property name="boolEnableInvertedList" value="false" />
        <property name="boolEnablePositionalInvertedFile" value="false" />
        <property name="boolEnableCoocInvertedFile" value="false" />
        <property name="boolEnableInvertedSourceList" value="false" />
        <property name="boolEnableSpellChecking" value="false" />
        <property name="intWordMinRankID" value="1000" />
        <property name="intMinFeatureRankID" value="1000" />
        <property name="intMinFeatureFreq" value="2" />
        <property name="dblSimThreshold" value="0.6" />
    </category>

    <category name="eu.etrap.medusa.controlflow.SpellCheckingTrainerControlFlowImpl">
        <property name="intWordMinRankID" value="1000" />
        <property name="intWordBiGramMinRankID" value="1000" />
        <property name="intMinWordBiGramFeatureFreq" value="2" />
        <property name="dblWordBiGramSimThreshold" value="0.6" />
        <property name="intMinWordTriGramFeatureFreq" value="2" />
        <property name="dblWordTriGramSimThreshold" value="0.6" />
        <property name="dblStringSimThreshold" value="0.6" />
    </category>

    <category name="eu.etrap.medusa.controlflow.CitationFragmentDetectionControlFlowImpl">
        <property name="intLoops" value="1000" />
        <property name="dblThreshold" value="-10000000.00" />
        <property name="intMinFragmentLength" value="5" />
        <property name="intMinFrequency" value="2" />
        <property name="strStopWordList" value="data/stopwords/top-100-stopwords.txt" />
        <property name="dblHKLDiffThreshold" value="1.0" />

    </category>


    <!-- Iterate nb co-cooccurrences for detecting possible Multi Word Units. -->
    <category name="eu.etrap.medusa.controlflow.MWUDetectionControlFlowImpl">
        <property name="intLoops" value="1000" />
        <property name="dblThreshold" value="3.00" />
        <property name="intMinFrequency" value="2" />
        <property name="strStopWordList" value="data/stopwords/englishST.txt" />
        <property name="dblHKLDiffThreshold" value="1.0" />
    </category>
    
    <!-- Test Medusa itself. -->
    <category name="eu.etrap.medusa.controlflow.ReleaseTestControlFlowImpl">
        <property name="boolRemoveWNCFile" value="false" />
        <property name="boolRemoveWNFile" value="true" />
        <property name="boolRemoveWFFile" value="true" />
        <property name="boolRemoveInternalWNFile" value="true" />
        <property name="boolRemoveInternalWFFile" value="true" />
        <property name="boolRemoveMetaFile" value="false" />
        <property name="boolRemoveTokFile" value="true" />
        <property name="boolRemoveDBFile" value="true" />
        <property name="boolRemoveHashFile" value="true" />
        <property name="boolRemoveExpoFile" value="true" />
        <property name="boolRemoveFCFile" value="true" />
        <property name="boolRemoveMWUFile" value="false" />
        <property name="boolRemoveParaSFile" value="true" />
        <property name="boolRemoveSIDXFile" value="true" />
        <property name="boolRemoveSrcFile" value="true" />
        <property name="boolRemoveWSWNFile" value="true" />
    </category>
    
    
    
    <!-- Filter section -->
    <!-- Interface   : eu.etrap.medusa.loader.filter.Filter -->
    <!-- Description : Transforms an input like the unstructured sidx or semi- 
    structured xml file into an structured persistent hash. -->
    
    <!-- SIDX-based filters-->                   
    <!-- Computing sentence co-occurrences -->
    <category name="eu.etrap.medusa.filter.sidx.IDXSentenceFilterImpl">
        <property name="useBOW" value="true"/>
        <property name="dblSignificanceThreshold" value="-300"/>
        <property name="intMinimumFrequency" value="0"/>
        <property name="dblCutoffSignificanceThreshold" value="0.0"/>
        <property name="intCutoffMinimumFrequency" value="0"/>
        <property name="boolMWUSensitiveUnits" value="true" />
    </category>
    
    <!-- Computing sentence co-occurrences located on the left side of the pivot
    element. -->
    <category name="eu.etrap.medusa.filter.sidx.IDXLeftNeighbourSentenceFilterImpl">
        <property name="useBOW" value="true"/>
        <property name="dblSignificanceThreshold" value="6.63"/>
        <property name="intMinimumFrequency" value="3"/>
        <property name="dblCutoffSignificanceThreshold" value="0.0"/>
        <property name="intCutoffMinimumFrequency" value="0"/>
    </category>
    
    <!-- Computing sentence co-occurrences located on the right side of the pivot
    element. -->
    <category name="eu.etrap.medusa.filter.sidx.IDXRightNeighbourSentenceFilterImpl">
        <property name="useBOW" value="true"/>
        <property name="dblSignificanceThreshold" value="6.63"/>
        <property name="intMinimumFrequency" value="3"/>
        <property name="dblCutoffSignificanceThreshold" value="0.0"/>
        <property name="intCutoffMinimumFrequency" value="0"/>
    </category>
    
    <!-- Computing neighbour co-occurrences (only the immediately followed word) -->
    <category name="eu.etrap.medusa.filter.sidx.IDXNeighbourhoodFilterImpl">
        <property name="useBOW" value="false"/>
        <property name="dblSignificanceThreshold" value="3.84"/>
        <property name="intMinimumFrequency" value="3"/>
        <property name="dblCutoffSignificanceThreshold" value="0.0"/>
        <property name="intCutoffMinimumFrequency" value="0"/>
    </category>
   
    <!-- Computing neighbour co-occurrences of mwu's (only the immediately followed word) -->
    <category name="eu.etrap.medusa.filter.sidx.IDXNGramExpansionFilterImpl">
        <property name="useBOW" value="false"/>
        <property name="dblSignificanceThreshold" value="3.84"/>
        <property name="intMinimumFrequency" value="3"/>
        <property name="dblCutoffSignificanceThreshold" value="0.0"/>
        <property name="intCutoffMinimumFrequency" value="0"/>
    </category>

 
    <!-- Computing sentence based co-occurrences, but the first word in every 
    line is the category. In the result table the word column represents
    this first word per line. The second word column are words associating 
    with the corresponding category.-->
    <category name="eu.etrap.medusa.filter.sidx.IDXTypedTermsFilterImpl">
        <property name="useBOW" value="true"/>
        <property name="dblSignificanceThreshold" value="6.63"/>
        <property name="intMinimumFrequency" value="3"/>
        <property name="dblCutoffSignificanceThreshold" value="0.0"/>
        <property name="intCutoffMinimumFrequency" value="0"/>
    </category>
    <category name="eu.etrap.medusa.filter.sidx.IDXDistanceBasedSentenceCooccurrencesFilterImpl">
        <property name="useBOW" value="false"/>
        <property name="dblSignificanceThreshold" value="0.00"/>
        <property name="intMinimumFrequency" value="0"/>
        <property name="dblCutoffSignificanceThreshold" value="0.0"/>
        <property name="intCutoffMinimumFrequency" value="0"/>
    </category>
    
    <!-- XML-based filters -->   
    <!-- Computing co-occurrences from an xml file from same location of a single
    XPath expression (intra-element co-occurrences). -->
    <category name="eu.etrap.medusa.filter.xml.WordFrequencyCounterXMLFilterImpl">
        <property name="strXPath" value="/meldung/mo/text()" />
        <property name="useBOW" value="true" />
    </category>
    <category name="eu.etrap.medusa.filter.xml.IntraElementXMLFilterImpl">
        <property name="strXPath" value="/meldung/mo/text()" />
        <property name="useBOW" value="true" />
        <property name="dblSignificanceThreshold" value="6.63"/>
        <property name="intMinimumFrequency" value="2"/>
        <property name="dblCutoffSignificanceThreshold" value="0.0"/>
        <property name="intCutoffMinimumFrequency" value="0"/>>
    </category>
    <category name="eu.etrap.medusa.filter.xml.InterElementXMLFilterImpl">
        <property name="strXPath1" value="/meldung/swz/text()" />
        <property name="strXPath2" value="/meldung/pri/text()" />
        <property name="useBOW" value="true" />
        <property name="dblSignificanceThreshold" value="0.10"/>
        <property name="intMinimumFrequency" value="2"/>
        <property name="dblCutoffSignificanceThreshold" value="0.0"/>
        <property name="intCutoffMinimumFrequency" value="0"/>
    </category>
    
    
    <!-- Filter Component section -->
    <!-- Interface   : eu.etrap.medusa.loader.filter.component.FilterComponent -->
    <!-- Description : Sets an bit array with size of the number of words which 
    can be set true or false. If true for all envolved words, 
    than the extracted information will be stored in the hash
    system. -->
    
    <!-- Initializes an array with one per word. This array will be written in 
    the fc-file. -->
    <category name="eu.etrap.medusa.filter.component.InitialFilterComponentImpl">
        <property name="isSetBit" value="true"/>
    </category>
    
    <!-- Sets word as true (initializing was false for investigating only a 
    smaller subset of words) or as false (initializing was true for 
    handling the words in the file as stopwords). -->
    <category name="eu.etrap.medusa.filter.component.WordlistFilterComponentImpl">
        <property name="isSetBit" value="false"/>
        <property name="strSelectedWordList" value="data/stopwords/no-stopwords.txt"/>
    </category>
    
    <!-- Ignoring words with an frequency below the defined threshold -->
    <category name="eu.etrap.medusa.filter.component.FrequencyFilterComponentImpl">
        <property name="intMinimumFrequency" value="0"/>
    </category>
    
    <!-- Ignoring words with an frequency below the defined threshold IF
    the frequency is unknown by using a Zipfian Law approximation. -->
    <category name="eu.etrap.medusa.filter.component.ZipfFilterComponentImpl">
        <property name="intMinimumFrequency" value="2"/>
    </category>
    
    
    
    <!-- Memory allocator section -->
    <!-- Interface   : eu.etrap.medusa.config.MemoryAllocator -->
    <!-- Description : Allocates the memory in most efficient way for the hash 
    system. -->
    
    <!-- Memory allocator for co-occurence analysis. -->
    <category name="eu.etrap.medusa.config.DefaultMemoryAllocatorImpl">
        <property name="intFreeMemory" value="15000000"/>
    </category>
    
    <!-- Memory allocator for generating an inverted list. -->
    <category name="eu.etrap.medusa.config.InvertedListMemoryAllocatorImpl">
        <property name="intFreeMemory" value="15000000"/>
    </category>
    
    
    
    <!-- Tokenizer section -->
    <!-- Interface   : eu.etrap.medusa.input.Tokenizer -->
    <!-- Description : Tokenizes text as a first preprocessing step for nlp 
    algorithms. -->
    
    <!-- Tokenizer works with an abbreviation file and using the defined 
    TOKENISATION_CHARACTERS_FILE_NAME property some characters. Furthermore, 
    number, date and time data will can be replaced by %N% . -->
    <category name="eu.etrap.medusa.input.ImprovedWordTokenizerImpl">
        <property name="strAbbrevListFile" value="data/abbreviation/abbrev.txt" />
        <property name="strFixedTokens" value="data/wordlists/fixed_tokens.txt" />
        <property name="boolReplaceNumbers" value="false" />
    </category>
    <category name="eu.etrap.medusa.input.NGramTokenizerImpl">
        <property name="strAbbrevListFile" value="data/abbreviation/abbrev.txt" />
        <property name="boolReplaceNumbers" value="false" />
    </category>
    <category name="eu.etrap.medusa.input.FastSSTokenizerImpl">
        <property name="strAbbrevListFile" value="data/abbreviation/abbrev.txt" />
        <property name="boolReplaceNumbers" value="false" />
    </category>
    <category name="eu.etrap.medusa.input.AncientGreekWordTokenizerImpl">
        <property name="strAbbrevListFile" value="data/abbreviation/abbrev.txt" />
        <property name="boolReplaceNumbers" value="false" />
    </category>

    <category name="eu.etrap.medusa.input.DPAWordTokenizerImpl">
        <property name="strAbbrevListFile" value="data/abbreviation/abbrev.txt" />
        <property name="boolReplaceNumbers" value="false" />
    </category>
    <category name="eu.etrap.medusa.input.DPA2WordTokenizerImpl">
        <property name="strAbbrevListFile" value="data/abbreviation/abbrev.txt" />
        <property name="boolReplaceNumbers" value="false" />
    </category>
    <category name="eu.etrap.medusa.input.DefaultWordTokenizerImpl">
        <property name="strAbbrevListFile" value="data/abbreviation/abbrev.txt" />
    </category>
    <category name="eu.etrap.medusa.input.DoNothingWordTokenizerImpl">
        <property name="strAbbrevListFile" value="data/abbreviation/abbrev.txt" />
    </category>
    <category name="eu.etrap.medusa.input.CharacterTokenizerImpl">
        <property name="strAbbrevListFile" value="data/abbreviation/abbrev.txt" />
        <property name="strFixedTokens" value="data/wordlists/fixed_tokens.txt" />
        <property name="boolReplaceNumbers" value="false" />
    </category>
   
    <category name="eu.etrap.medusa.input.NonLetterRemoverWordTokenizerImpl">
        <property name="strAbbrevListFile" value="data/abbreviation/abbrev.txt" />
        <property name="boolReplaceNumbers" value="false" />
    </category>
    
    
    <!-- Exporter section-->
    <!-- Interface   : eu.etrap.medusa.export.Exporter -->
    <!-- Description : Transforms binary hash to human readable plain text file. -->
    
    <!-- Exports co-occurrences from hash using different significance thresholds. -->
    <category name="eu.etrap.medusa.export.FlatFileExporterImpl">
        <property name="boolReplaceWordNumbers" value="false"/>
        <property name="boolExportFrequency" value="true"/>
        <property name="intAccuracy" value="6" />
        <property name="strFlatFileSeperator" value="\t"/>
    </category>

    <!-- Exports co-occurrences from hash using different significance thresholds. -->
    <category name="eu.etrap.medusa.export.FullFlatFileExporterImpl">
        <property name="boolReplaceWordNumbers" value="false"/>
        <property name="boolExportFrequency" value="true"/>
        <property name="intAccuracy" value="4" />
        <property name="strFlatFileSeperator" value="\t"/>
    </category>
    
    <!-- Exports distance based co-occurrences from hash using different significance thresholds. -->
    <category name="eu.etrap.medusa.export.SpectralCooccurrenceFlatFileExporterImpl">
        <property name="boolReplaceWordNumbers" value="false"/>
        <property name="boolExportFrequency" value="true"/>
        <property name="intAccuracy" value="2" />
        <property name="strFlatFileSeperator" value="\t"/>
    </category>

    <category name="eu.etrap.medusa.export.TriGramFlatFileExporterImpl">
        <property name="boolExportFrequency" value="true"/>
        <property name="boolReplaceWordNumbers" value="false"/>
        <property name="intAccuracy" value="6"/>
        <property name="strFlatFileSeperator" value="\t"/>
    </category>

    
    
    <!-- Store section-->
    <!-- Interface   : eu.etrap.medusa.store.Store -->
    <!-- Description : a store handles the extracted information by using any
    dedicated caching and merging strategy. -->
    
    <!-- Default store using an array and an ordinary ram hash which can be swapped
    on disc and after processing the corpus will be merged to a disc hash.-->
    <category name="eu.etrap.medusa.store.DefaultStoreImpl">
        <property name="boolRemoveSwapFiles" value="true" />
        <property name="dblCapacityFactor" value="1.2"/>
    </category>
    
    <!-- Stores information in a matrix and write them in a file when finished. -->
    <category name="eu.etrap.medusa.store.ArrayStoreImpl">
        <property name="strOutputFile" value="data/array-occurrance.txt" />
    </category>
    
    <!-- Almost the same as eu.etrap.medusa.store.ArrayStoreImpl but 
    data will be storeed in a vector. -->
    <category name="eu.etrap.medusa.store.OneDimensionArrayStoreImpl">
        <property name="strOutputFile" value="data/1D-array-occurrance.txt" />
    </category>
    
    
    
    <!-- Preprocessing and management section-->
    
    <!-- Default store using an array and an ordinary ram hash which can be swapped
    on disc and after processing the corpus will be merged to a disc hash.-->
    <category name="eu.etrap.medusa.input.SentencePreparer">
        <property name="boolWriteSentenceBoundaries" value="false" />
        <property name="strFormat" value="yyyy-MM-dd"/>
    </category>
    
    <!-- Generate word numbers and word frequencies file. -->
    <category name="eu.etrap.medusa.input.WordNumbers">
        <property name="writeFrequency" value="true"/>
        <property name="deleteTempFiles" value="true"/>
    </category>

    <!-- Transform word numbers and word frequencies file -->
    <category name="eu.etrap.medusa.transform.WordNumberTransformerImpl">
        <property name="ignoreNonFoundKnownWords" value="true"/>
    </category>
    
    <!-- Generates sentence signatures based on word length. -->
    <category name="eu.etrap.medusa.input.SentenceSignature">
        <property name="strSignatureMappingFileName" value="data/internal/signature-mapping.txt"/>
        <property name="intMinLengthReplace" value="4"/>
    </category>
    
    
    <!-- Collects information of the system and runtime properties which will be
    writen to the meta-file or -table. -->
    <category name="eu.etrap.medusa.utils.MetaInformation">
        <property name="strMetaInformationsFileName" value="data/internal/meta_informations.txt"/>
    </category>
    
    
    
    <!-- SourceReader section-->
    <!-- Interface   : eu.etrap.medusa.sourcereader.SourceReader -->
    <!-- Description : Reads a file and put it into a filter. -->
    
    <!-- Reads large XML documents.-->
    <category name="eu.etrap.medusa.sourcereader.XMLStaxReaderImpl">
        <property name="strPivotElement" value="meldung"/>
    </category>
    
    
    
    <!-- Significance measure section-->
    <!-- Interface   : eu.etrap.medusa.significance.Significance -->
    <!-- Description : Computes significances of e. g. co-occurrences. -->
    
    <!-- Computes mutual information.-->
    <category name="eu.etrap.medusa.significance.MutualInformationSignificanceImpl">
        <property name="scalefactor" value="1" />
    </category>
    
    <!-- Computes mutual information.-->
    <category name="eu.etrap.medusa.significance.DiceSignificanceImpl">
        <property name="scalefactor" value="1" />
    </category>
    
    
    
    <!-- Format section-->
    <!-- Interface   : eu.etrap.medusa.format.Format -->
    <!-- Description : Specifies the static format of a dataset in the hash 
    system. -->
    
    <!-- Stores default hash format settings.-->
    <category name="eu.etrap.medusa.format.DefaultFormatImpl">
        <property name="key.1.name" value="word1"/>
        <property name="key.1.size" value="3"/>
        <property name="key.2.name" value="word2"/>
        <property name="key.2.size" value="3"/>
        <property name="value.name.arrayhash" value="freq.arrayhash"/>
        <property name="value.size.arrayhash" value="3"/>
        <property name="value.name.ramhash" value="freq.ramhash"/>
        <property name="value.size.ramhash" value="2"/>
        <property name="value.name.dischash" value="freq.dischash"/>
        <property name="value.size.dischash" value="3"/>
    </category>
    
    
    
    <!-- Significance measure section-->
    <!-- Interface   : eu.etrap.medusa.significance.Significance -->
    <!-- Description : Computes significances of e. g. co-occurrences. -->
    
    <!-- Computes mutual information.-->
    <category name="eu.etrap.medusa.hash.DiscHashImpl">
        <property name="strFileAccess" value="rw" />
    </category>
</properties>
